sample-id	absolute-filepath
SRR16112779	/home/mpacomendivil/teams/a09/team1/kondo_et_al_2021/SRR16112779_1.fastq
ERR9763150	/home/mpacomendivil/teams/a09/team1/kondo_et_al_2021/ERR9763150_1.fastq
SRR16113012	/home/mpacomendivil/teams/a09/team1/kondo_et_al_2021/SRR16113012_1.fastq
DRR207826	/home/mpacomendivil/teams/a09/team1/kondo_et_al_2021/DRR207826_1.fastq
ERR9763087	/home/mpacomendivil/teams/a09/team1/kondo_et_al_2021/ERR9763087_1.fastq
SRR16112789	/home/mpacomendivil/teams/a09/team1/kondo_et_al_2021/SRR16112789_1.fastq
SRR16072588	/home/mpacomendivil/teams/a09/team1/kondo_et_al_2021/SRR16072588_1.fastq
SRR16112919	/home/mpacomendivil/teams/a09/team1/kondo_et_al_2021/SRR16112919_1.fastq
ERR9763154	/home/mpacomendivil/teams/a09/team1/kondo_et_al_2021/ERR9763154_1.fastq
ERR9763083	/home/mpacomendivil/teams/a09/team1/kondo_et_al_2021/ERR9763083_1.fastq
DRR207822	/home/mpacomendivil/teams/a09/team1/kondo_et_al_2021/DRR207822_1.fastq
SRR16113016	/home/mpacomendivil/teams/a09/team1/kondo_et_al_2021/SRR16113016_1.fastq
SRR16112652	/home/mpacomendivil/teams/a09/team1/kondo_et_al_2021/SRR16112652_1.fastq
SRR16112785	/home/mpacomendivil/teams/a09/team1/kondo_et_al_2021/SRR16112785_1.fastq
SRR16112911	/home/mpacomendivil/teams/a09/team1/kondo_et_al_2021/SRR16112911_1.fastq
SRR16112836	/home/mpacomendivil/teams/a09/team1/kondo_et_al_2021/SRR16112836_1.fastq
SRR16112775	/home/mpacomendivil/teams/a09/team1/kondo_et_al_2021/SRR16112775_1.fastq
SRR16112832	/home/mpacomendivil/teams/a09/team1/kondo_et_al_2021/SRR16112832_1.fastq
ERR9763158	/home/mpacomendivil/teams/a09/team1/kondo_et_al_2021/ERR9763158_1.fastq
SRR16112771	/home/mpacomendivil/teams/a09/team1/kondo_et_al_2021/SRR16112771_1.fastq
SRR16112656	/home/mpacomendivil/teams/a09/team1/kondo_et_al_2021/SRR16112656_1.fastq
SRR16112915	/home/mpacomendivil/teams/a09/team1/kondo_et_al_2021/SRR16112915_1.fastq
SRR16112781	/home/mpacomendivil/teams/a09/team1/kondo_et_al_2021/SRR16112781_1.fastq
SRR16113035	/home/mpacomendivil/teams/a09/team1/kondo_et_al_2021/SRR16113035_1.fastq
SRR16112689	/home/mpacomendivil/teams/a09/team1/kondo_et_al_2021/SRR16112689_1.fastq
SRR16113112	/home/mpacomendivil/teams/a09/team1/kondo_et_al_2021/SRR16113112_1.fastq
SRR16112679	/home/mpacomendivil/teams/a09/team1/kondo_et_al_2021/SRR16112679_1.fastq
SRR16113116	/home/mpacomendivil/teams/a09/team1/kondo_et_al_2021/SRR16113116_1.fastq
SRR16112819	/home/mpacomendivil/teams/a09/team1/kondo_et_al_2021/SRR16112819_1.fastq
DRR207805	/home/mpacomendivil/teams/a09/team1/kondo_et_al_2021/DRR207805_1.fastq
SRR16113031	/home/mpacomendivil/teams/a09/team1/kondo_et_al_2021/SRR16113031_1.fastq
SRR16112675	/home/mpacomendivil/teams/a09/team1/kondo_et_al_2021/SRR16112675_1.fastq
SRR16112936	/home/mpacomendivil/teams/a09/team1/kondo_et_al_2021/SRR16112936_1.fastq
SRR16112685	/home/mpacomendivil/teams/a09/team1/kondo_et_al_2021/SRR16112685_1.fastq
SRR16113039	/home/mpacomendivil/teams/a09/team1/kondo_et_al_2021/SRR16113039_1.fastq
SRR16112811	/home/mpacomendivil/teams/a09/team1/kondo_et_al_2021/SRR16112811_1.fastq
SRR16112752	/home/mpacomendivil/teams/a09/team1/kondo_et_al_2021/SRR16112752_1.fastq
SRR16112815	/home/mpacomendivil/teams/a09/team1/kondo_et_al_2021/SRR16112815_1.fastq
SRR16112681	/home/mpacomendivil/teams/a09/team1/kondo_et_al_2021/SRR16112681_1.fastq
SRR16112756	/home/mpacomendivil/teams/a09/team1/kondo_et_al_2021/SRR16112756_1.fastq
SRR16112671	/home/mpacomendivil/teams/a09/team1/kondo_et_al_2021/SRR16112671_1.fastq
SRR16112932	/home/mpacomendivil/teams/a09/team1/kondo_et_al_2021/SRR16112932_1.fastq
SRR16112737	/home/mpacomendivil/teams/a09/team1/kondo_et_al_2021/SRR16112737_1.fastq
SRR16112874	/home/mpacomendivil/teams/a09/team1/kondo_et_al_2021/SRR16112874_1.fastq
SRR16112953	/home/mpacomendivil/teams/a09/team1/kondo_et_al_2021/SRR16112953_1.fastq
SRR16112884	/home/mpacomendivil/teams/a09/team1/kondo_et_al_2021/SRR16112884_1.fastq
SRR16112957	/home/mpacomendivil/teams/a09/team1/kondo_et_al_2021/SRR16112957_1.fastq
SRR16112880	/home/mpacomendivil/teams/a09/team1/kondo_et_al_2021/SRR16112880_1.fastq
SRR16112733	/home/mpacomendivil/teams/a09/team1/kondo_et_al_2021/SRR16112733_1.fastq
SRR16112870	/home/mpacomendivil/teams/a09/team1/kondo_et_al_2021/SRR16112870_1.fastq
SRR16113058	/home/mpacomendivil/teams/a09/team1/kondo_et_al_2021/SRR16113058_1.fastq
SRR16112888	/home/mpacomendivil/teams/a09/team1/kondo_et_al_2021/SRR16112888_1.fastq
SRR16113050	/home/mpacomendivil/teams/a09/team1/kondo_et_al_2021/SRR16113050_1.fastq
SRR16112878	/home/mpacomendivil/teams/a09/team1/kondo_et_al_2021/SRR16112878_1.fastq
ERR9763112	/home/mpacomendivil/teams/a09/team1/kondo_et_al_2021/ERR9763112_1.fastq
SRR16113054	/home/mpacomendivil/teams/a09/team1/kondo_et_al_2021/SRR16113054_1.fastq
ERR9763116	/home/mpacomendivil/teams/a09/team1/kondo_et_al_2021/ERR9763116_1.fastq
SRR16112710	/home/mpacomendivil/teams/a09/team1/kondo_et_al_2021/SRR16112710_1.fastq
SRR16112984	/home/mpacomendivil/teams/a09/team1/kondo_et_al_2021/SRR16112984_1.fastq
ERR9763139	/home/mpacomendivil/teams/a09/team1/kondo_et_al_2021/ERR9763139_1.fastq
SRR16112853	/home/mpacomendivil/teams/a09/team1/kondo_et_al_2021/SRR16112853_1.fastq
SRR16112974	/home/mpacomendivil/teams/a09/team1/kondo_et_al_2021/SRR16112974_1.fastq
SRR16112637	/home/mpacomendivil/teams/a09/team1/kondo_et_al_2021/SRR16112637_1.fastq
SRR16112970	/home/mpacomendivil/teams/a09/team1/kondo_et_al_2021/SRR16112970_1.fastq
SRR16112633	/home/mpacomendivil/teams/a09/team1/kondo_et_al_2021/SRR16112633_1.fastq
SRR16112980	/home/mpacomendivil/teams/a09/team1/kondo_et_al_2021/SRR16112980_1.fastq
SRR16112714	/home/mpacomendivil/teams/a09/team1/kondo_et_al_2021/SRR16112714_1.fastq
SRR16112857	/home/mpacomendivil/teams/a09/team1/kondo_et_al_2021/SRR16112857_1.fastq
SRR16113087	/home/mpacomendivil/teams/a09/team1/kondo_et_al_2021/SRR16113087_1.fastq
SRR16112978	/home/mpacomendivil/teams/a09/team1/kondo_et_al_2021/SRR16112978_1.fastq
SRR16113077	/home/mpacomendivil/teams/a09/team1/kondo_et_al_2021/SRR16113077_1.fastq
DRR207843	/home/mpacomendivil/teams/a09/team1/kondo_et_al_2021/DRR207843_1.fastq
ERR9763135	/home/mpacomendivil/teams/a09/team1/kondo_et_al_2021/ERR9763135_1.fastq
SRR16112988	/home/mpacomendivil/teams/a09/team1/kondo_et_al_2021/SRR16112988_1.fastq
DRR207847	/home/mpacomendivil/teams/a09/team1/kondo_et_al_2021/DRR207847_1.fastq
SRR16113073	/home/mpacomendivil/teams/a09/team1/kondo_et_al_2021/SRR16113073_1.fastq
ERR9763131	/home/mpacomendivil/teams/a09/team1/kondo_et_al_2021/ERR9763131_1.fastq
SRR16112718	/home/mpacomendivil/teams/a09/team1/kondo_et_al_2021/SRR16112718_1.fastq
SRR16113083	/home/mpacomendivil/teams/a09/team1/kondo_et_al_2021/SRR16113083_1.fastq
ERR9763107	/home/mpacomendivil/teams/a09/team1/kondo_et_al_2021/ERR9763107_1.fastq
SRR16113045	/home/mpacomendivil/teams/a09/team1/kondo_et_al_2021/SRR16113045_1.fastq
ERR9763103	/home/mpacomendivil/teams/a09/team1/kondo_et_al_2021/ERR9763103_1.fastq
SRR16113041	/home/mpacomendivil/teams/a09/team1/kondo_et_al_2021/SRR16113041_1.fastq
DRR207875	/home/mpacomendivil/teams/a09/team1/kondo_et_al_2021/DRR207875_1.fastq
SRR16112869	/home/mpacomendivil/teams/a09/team1/kondo_et_al_2021/SRR16112869_1.fastq
SRR16112899	/home/mpacomendivil/teams/a09/team1/kondo_et_al_2021/SRR16112899_1.fastq
SRR16112861	/home/mpacomendivil/teams/a09/team1/kondo_et_al_2021/SRR16112861_1.fastq
SRR16113049	/home/mpacomendivil/teams/a09/team1/kondo_et_al_2021/SRR16113049_1.fastq
SRR16112722	/home/mpacomendivil/teams/a09/team1/kondo_et_al_2021/SRR16112722_1.fastq
SRR16112891	/home/mpacomendivil/teams/a09/team1/kondo_et_al_2021/SRR16112891_1.fastq
SRR16112946	/home/mpacomendivil/teams/a09/team1/kondo_et_al_2021/SRR16112946_1.fastq
SRR16112895	/home/mpacomendivil/teams/a09/team1/kondo_et_al_2021/SRR16112895_1.fastq
SRR16112942	/home/mpacomendivil/teams/a09/team1/kondo_et_al_2021/SRR16112942_1.fastq
SRR16112865	/home/mpacomendivil/teams/a09/team1/kondo_et_al_2021/SRR16112865_1.fastq
SRR16112726	/home/mpacomendivil/teams/a09/team1/kondo_et_al_2021/SRR16112726_1.fastq
SRR16113092	/home/mpacomendivil/teams/a09/team1/kondo_et_al_2021/SRR16113092_1.fastq
ERR9763120	/home/mpacomendivil/teams/a09/team1/kondo_et_al_2021/ERR9763120_1.fastq
SRR16112709	/home/mpacomendivil/teams/a09/team1/kondo_et_al_2021/SRR16112709_1.fastq
SRR16113062	/home/mpacomendivil/teams/a09/team1/kondo_et_al_2021/SRR16113062_1.fastq
ERR9763124	/home/mpacomendivil/teams/a09/team1/kondo_et_al_2021/ERR9763124_1.fastq
SRR16112999	/home/mpacomendivil/teams/a09/team1/kondo_et_al_2021/SRR16112999_1.fastq
SRR16113066	/home/mpacomendivil/teams/a09/team1/kondo_et_al_2021/SRR16113066_1.fastq
SRR16112969	/home/mpacomendivil/teams/a09/team1/kondo_et_al_2021/SRR16112969_1.fastq
SRR16113096	/home/mpacomendivil/teams/a09/team1/kondo_et_al_2021/SRR16113096_1.fastq
SRR16112846	/home/mpacomendivil/teams/a09/team1/kondo_et_al_2021/SRR16112846_1.fastq
SRR16112991	/home/mpacomendivil/teams/a09/team1/kondo_et_al_2021/SRR16112991_1.fastq
SRR16112705	/home/mpacomendivil/teams/a09/team1/kondo_et_al_2021/SRR16112705_1.fastq
SRR16112961	/home/mpacomendivil/teams/a09/team1/kondo_et_al_2021/SRR16112961_1.fastq
SRR16112626	/home/mpacomendivil/teams/a09/team1/kondo_et_al_2021/SRR16112626_1.fastq
SRR16112965	/home/mpacomendivil/teams/a09/team1/kondo_et_al_2021/SRR16112965_1.fastq
SRR16112842	/home/mpacomendivil/teams/a09/team1/kondo_et_al_2021/SRR16112842_1.fastq
SRR16112701	/home/mpacomendivil/teams/a09/team1/kondo_et_al_2021/SRR16112701_1.fastq
SRR16112995	/home/mpacomendivil/teams/a09/team1/kondo_et_al_2021/SRR16112995_1.fastq
ERR9763128	/home/mpacomendivil/teams/a09/team1/kondo_et_al_2021/ERR9763128_1.fastq
SRR16112904	/home/mpacomendivil/teams/a09/team1/kondo_et_al_2021/SRR16112904_1.fastq
SRR16112790	/home/mpacomendivil/teams/a09/team1/kondo_et_al_2021/SRR16112790_1.fastq
SRR16112647	/home/mpacomendivil/teams/a09/team1/kondo_et_al_2021/SRR16112647_1.fastq
ERR9763149	/home/mpacomendivil/teams/a09/team1/kondo_et_al_2021/ERR9763149_1.fastq
SRR16112760	/home/mpacomendivil/teams/a09/team1/kondo_et_al_2021/SRR16112760_1.fastq
SRR16112823	/home/mpacomendivil/teams/a09/team1/kondo_et_al_2021/SRR16112823_1.fastq
SRR16112764	/home/mpacomendivil/teams/a09/team1/kondo_et_al_2021/SRR16112764_1.fastq
SRR16112827	/home/mpacomendivil/teams/a09/team1/kondo_et_al_2021/SRR16112827_1.fastq
SRR16112794	/home/mpacomendivil/teams/a09/team1/kondo_et_al_2021/SRR16112794_1.fastq
SRR16112900	/home/mpacomendivil/teams/a09/team1/kondo_et_al_2021/SRR16112900_1.fastq
SRR16112643	/home/mpacomendivil/teams/a09/team1/kondo_et_al_2021/SRR16112643_1.fastq
ERR9763092	/home/mpacomendivil/teams/a09/team1/kondo_et_al_2021/ERR9763092_1.fastq
DRR207833	/home/mpacomendivil/teams/a09/team1/kondo_et_al_2021/DRR207833_1.fastq
SRR16113007	/home/mpacomendivil/teams/a09/team1/kondo_et_al_2021/SRR16113007_1.fastq
ERR9763145	/home/mpacomendivil/teams/a09/team1/kondo_et_al_2021/ERR9763145_1.fastq
SRR16112908	/home/mpacomendivil/teams/a09/team1/kondo_et_al_2021/SRR16112908_1.fastq
SRR16113120	/home/mpacomendivil/teams/a09/team1/kondo_et_al_2021/SRR16113120_1.fastq
SRR16112798	/home/mpacomendivil/teams/a09/team1/kondo_et_al_2021/SRR16112798_1.fastq
SRR16113003	/home/mpacomendivil/teams/a09/team1/kondo_et_al_2021/SRR16113003_1.fastq
DRR207837	/home/mpacomendivil/teams/a09/team1/kondo_et_al_2021/DRR207837_1.fastq
ERR9763096	/home/mpacomendivil/teams/a09/team1/kondo_et_al_2021/ERR9763096_1.fastq
SRR16112768	/home/mpacomendivil/teams/a09/team1/kondo_et_al_2021/SRR16112768_1.fastq
ERR9763141	/home/mpacomendivil/teams/a09/team1/kondo_et_al_2021/ERR9763141_1.fastq
SRR16112923	/home/mpacomendivil/teams/a09/team1/kondo_et_al_2021/SRR16112923_1.fastq
SRR16112660	/home/mpacomendivil/teams/a09/team1/kondo_et_al_2021/SRR16112660_1.fastq
SRR16112747	/home/mpacomendivil/teams/a09/team1/kondo_et_al_2021/SRR16112747_1.fastq
SRR16112804	/home/mpacomendivil/teams/a09/team1/kondo_et_al_2021/SRR16112804_1.fastq
SRR16112690	/home/mpacomendivil/teams/a09/team1/kondo_et_al_2021/SRR16112690_1.fastq
DRR207818	/home/mpacomendivil/teams/a09/team1/kondo_et_al_2021/DRR207818_1.fastq
SRR16112743	/home/mpacomendivil/teams/a09/team1/kondo_et_al_2021/SRR16112743_1.fastq
SRR16113028	/home/mpacomendivil/teams/a09/team1/kondo_et_al_2021/SRR16113028_1.fastq
SRR16112694	/home/mpacomendivil/teams/a09/team1/kondo_et_al_2021/SRR16112694_1.fastq
SRR16112800	/home/mpacomendivil/teams/a09/team1/kondo_et_al_2021/SRR16112800_1.fastq
SRR16112927	/home/mpacomendivil/teams/a09/team1/kondo_et_al_2021/SRR16112927_1.fastq
SRR16112664	/home/mpacomendivil/teams/a09/team1/kondo_et_al_2021/SRR16112664_1.fastq
SRR16112808	/home/mpacomendivil/teams/a09/team1/kondo_et_al_2021/SRR16112808_1.fastq
DRR207814	/home/mpacomendivil/teams/a09/team1/kondo_et_al_2021/DRR207814_1.fastq
SRR16113020	/home/mpacomendivil/teams/a09/team1/kondo_et_al_2021/SRR16113020_1.fastq
ERR9763162	/home/mpacomendivil/teams/a09/team1/kondo_et_al_2021/ERR9763162_1.fastq
SRR16113107	/home/mpacomendivil/teams/a09/team1/kondo_et_al_2021/SRR16113107_1.fastq
SRR16112668	/home/mpacomendivil/teams/a09/team1/kondo_et_al_2021/SRR16112668_1.fastq
SRR16113103	/home/mpacomendivil/teams/a09/team1/kondo_et_al_2021/SRR16113103_1.fastq
SRR16112698	/home/mpacomendivil/teams/a09/team1/kondo_et_al_2021/SRR16112698_1.fastq
SRR16113024	/home/mpacomendivil/teams/a09/team1/kondo_et_al_2021/SRR16113024_1.fastq
DRR207810	/home/mpacomendivil/teams/a09/team1/kondo_et_al_2021/DRR207810_1.fastq
ERR9763166	/home/mpacomendivil/teams/a09/team1/kondo_et_al_2021/ERR9763166_1.fastq
SRR16113048	/home/mpacomendivil/teams/a09/team1/kondo_et_al_2021/SRR16113048_1.fastq
SRR16112860	/home/mpacomendivil/teams/a09/team1/kondo_et_al_2021/SRR16112860_1.fastq
SRR16112723	/home/mpacomendivil/teams/a09/team1/kondo_et_al_2021/SRR16112723_1.fastq
SRR16112890	/home/mpacomendivil/teams/a09/team1/kondo_et_al_2021/SRR16112890_1.fastq
SRR16112947	/home/mpacomendivil/teams/a09/team1/kondo_et_al_2021/SRR16112947_1.fastq
SRR16112894	/home/mpacomendivil/teams/a09/team1/kondo_et_al_2021/SRR16112894_1.fastq
SRR16112943	/home/mpacomendivil/teams/a09/team1/kondo_et_al_2021/SRR16112943_1.fastq
SRR16112864	/home/mpacomendivil/teams/a09/team1/kondo_et_al_2021/SRR16112864_1.fastq
DRR207878	/home/mpacomendivil/teams/a09/team1/kondo_et_al_2021/DRR207878_1.fastq
SRR16112727	/home/mpacomendivil/teams/a09/team1/kondo_et_al_2021/SRR16112727_1.fastq
ERR9763106	/home/mpacomendivil/teams/a09/team1/kondo_et_al_2021/ERR9763106_1.fastq
SRR16113044	/home/mpacomendivil/teams/a09/team1/kondo_et_al_2021/SRR16113044_1.fastq
ERR9763102	/home/mpacomendivil/teams/a09/team1/kondo_et_al_2021/ERR9763102_1.fastq
SRR16112868	/home/mpacomendivil/teams/a09/team1/kondo_et_al_2021/SRR16112868_1.fastq
SRR16113040	/home/mpacomendivil/teams/a09/team1/kondo_et_al_2021/SRR16113040_1.fastq
SRR16112898	/home/mpacomendivil/teams/a09/team1/kondo_et_al_2021/SRR16112898_1.fastq
SRR16112847	/home/mpacomendivil/teams/a09/team1/kondo_et_al_2021/SRR16112847_1.fastq
SRR16112704	/home/mpacomendivil/teams/a09/team1/kondo_et_al_2021/SRR16112704_1.fastq
SRR16112990	/home/mpacomendivil/teams/a09/team1/kondo_et_al_2021/SRR16112990_1.fastq
SRR16112960	/home/mpacomendivil/teams/a09/team1/kondo_et_al_2021/SRR16112960_1.fastq
SRR16112627	/home/mpacomendivil/teams/a09/team1/kondo_et_al_2021/SRR16112627_1.fastq
SRR16112964	/home/mpacomendivil/teams/a09/team1/kondo_et_al_2021/SRR16112964_1.fastq
SRR16112843	/home/mpacomendivil/teams/a09/team1/kondo_et_al_2021/SRR16112843_1.fastq
ERR9763129	/home/mpacomendivil/teams/a09/team1/kondo_et_al_2021/ERR9763129_1.fastq
SRR16112994	/home/mpacomendivil/teams/a09/team1/kondo_et_al_2021/SRR16112994_1.fastq
SRR16112700	/home/mpacomendivil/teams/a09/team1/kondo_et_al_2021/SRR16112700_1.fastq
SRR16113093	/home/mpacomendivil/teams/a09/team1/kondo_et_al_2021/SRR16113093_1.fastq
SRR16112708	/home/mpacomendivil/teams/a09/team1/kondo_et_al_2021/SRR16112708_1.fastq
ERR9763121	/home/mpacomendivil/teams/a09/team1/kondo_et_al_2021/ERR9763121_1.fastq
SRR16113063	/home/mpacomendivil/teams/a09/team1/kondo_et_al_2021/SRR16113063_1.fastq
SRR16112998	/home/mpacomendivil/teams/a09/team1/kondo_et_al_2021/SRR16112998_1.fastq
ERR9763125	/home/mpacomendivil/teams/a09/team1/kondo_et_al_2021/ERR9763125_1.fastq
SRR16113067	/home/mpacomendivil/teams/a09/team1/kondo_et_al_2021/SRR16113067_1.fastq
SRR16112968	/home/mpacomendivil/teams/a09/team1/kondo_et_al_2021/SRR16112968_1.fastq
SRR16113097	/home/mpacomendivil/teams/a09/team1/kondo_et_al_2021/SRR16113097_1.fastq
SRR16113006	/home/mpacomendivil/teams/a09/team1/kondo_et_al_2021/SRR16113006_1.fastq
DRR207832	/home/mpacomendivil/teams/a09/team1/kondo_et_al_2021/DRR207832_1.fastq
ERR9763093	/home/mpacomendivil/teams/a09/team1/kondo_et_al_2021/ERR9763093_1.fastq
ERR9763144	/home/mpacomendivil/teams/a09/team1/kondo_et_al_2021/ERR9763144_1.fastq
SRR16113121	/home/mpacomendivil/teams/a09/team1/kondo_et_al_2021/SRR16113121_1.fastq
SRR16112909	/home/mpacomendivil/teams/a09/team1/kondo_et_al_2021/SRR16112909_1.fastq
SRR16112799	/home/mpacomendivil/teams/a09/team1/kondo_et_al_2021/SRR16112799_1.fastq
ERR9763097	/home/mpacomendivil/teams/a09/team1/kondo_et_al_2021/ERR9763097_1.fastq
DRR207836	/home/mpacomendivil/teams/a09/team1/kondo_et_al_2021/DRR207836_1.fastq
SRR16113002	/home/mpacomendivil/teams/a09/team1/kondo_et_al_2021/SRR16113002_1.fastq
ERR9763140	/home/mpacomendivil/teams/a09/team1/kondo_et_al_2021/ERR9763140_1.fastq
SRR16112769	/home/mpacomendivil/teams/a09/team1/kondo_et_al_2021/SRR16112769_1.fastq
SRR16112791	/home/mpacomendivil/teams/a09/team1/kondo_et_al_2021/SRR16112791_1.fastq
SRR16112905	/home/mpacomendivil/teams/a09/team1/kondo_et_al_2021/SRR16112905_1.fastq
SRR16112646	/home/mpacomendivil/teams/a09/team1/kondo_et_al_2021/SRR16112646_1.fastq
SRR16112761	/home/mpacomendivil/teams/a09/team1/kondo_et_al_2021/SRR16112761_1.fastq
ERR9763148	/home/mpacomendivil/teams/a09/team1/kondo_et_al_2021/ERR9763148_1.fastq
SRR16112822	/home/mpacomendivil/teams/a09/team1/kondo_et_al_2021/SRR16112822_1.fastq
SRR16112765	/home/mpacomendivil/teams/a09/team1/kondo_et_al_2021/SRR16112765_1.fastq
SRR16112826	/home/mpacomendivil/teams/a09/team1/kondo_et_al_2021/SRR16112826_1.fastq
SRR16112901	/home/mpacomendivil/teams/a09/team1/kondo_et_al_2021/SRR16112901_1.fastq
SRR16112795	/home/mpacomendivil/teams/a09/team1/kondo_et_al_2021/SRR16112795_1.fastq
SRR16112642	/home/mpacomendivil/teams/a09/team1/kondo_et_al_2021/SRR16112642_1.fastq
SRR16113021	/home/mpacomendivil/teams/a09/team1/kondo_et_al_2021/SRR16113021_1.fastq
DRR207815	/home/mpacomendivil/teams/a09/team1/kondo_et_al_2021/DRR207815_1.fastq
SRR16112809	/home/mpacomendivil/teams/a09/team1/kondo_et_al_2021/SRR16112809_1.fastq
ERR9763163	/home/mpacomendivil/teams/a09/team1/kondo_et_al_2021/ERR9763163_1.fastq
SRR16113106	/home/mpacomendivil/teams/a09/team1/kondo_et_al_2021/SRR16113106_1.fastq
SRR16112669	/home/mpacomendivil/teams/a09/team1/kondo_et_al_2021/SRR16112669_1.fastq
SRR16113102	/home/mpacomendivil/teams/a09/team1/kondo_et_al_2021/SRR16113102_1.fastq
DRR207811	/home/mpacomendivil/teams/a09/team1/kondo_et_al_2021/DRR207811_1.fastq
SRR16113025	/home/mpacomendivil/teams/a09/team1/kondo_et_al_2021/SRR16113025_1.fastq
SRR16112699	/home/mpacomendivil/teams/a09/team1/kondo_et_al_2021/SRR16112699_1.fastq
ERR9763167	/home/mpacomendivil/teams/a09/team1/kondo_et_al_2021/ERR9763167_1.fastq
SRR16112922	/home/mpacomendivil/teams/a09/team1/kondo_et_al_2021/SRR16112922_1.fastq
SRR16112661	/home/mpacomendivil/teams/a09/team1/kondo_et_al_2021/SRR16112661_1.fastq
SRR16112746	/home/mpacomendivil/teams/a09/team1/kondo_et_al_2021/SRR16112746_1.fastq
DRR207819	/home/mpacomendivil/teams/a09/team1/kondo_et_al_2021/DRR207819_1.fastq
SRR16112691	/home/mpacomendivil/teams/a09/team1/kondo_et_al_2021/SRR16112691_1.fastq
SRR16112805	/home/mpacomendivil/teams/a09/team1/kondo_et_al_2021/SRR16112805_1.fastq
SRR16112742	/home/mpacomendivil/teams/a09/team1/kondo_et_al_2021/SRR16112742_1.fastq
SRR16112801	/home/mpacomendivil/teams/a09/team1/kondo_et_al_2021/SRR16112801_1.fastq
SRR16112695	/home/mpacomendivil/teams/a09/team1/kondo_et_al_2021/SRR16112695_1.fastq
SRR16113029	/home/mpacomendivil/teams/a09/team1/kondo_et_al_2021/SRR16113029_1.fastq
SRR16112926	/home/mpacomendivil/teams/a09/team1/kondo_et_al_2021/SRR16112926_1.fastq
SRR16112665	/home/mpacomendivil/teams/a09/team1/kondo_et_al_2021/SRR16112665_1.fastq
SRR16112653	/home/mpacomendivil/teams/a09/team1/kondo_et_al_2021/SRR16112653_1.fastq
SRR16112910	/home/mpacomendivil/teams/a09/team1/kondo_et_al_2021/SRR16112910_1.fastq
SRR16112784	/home/mpacomendivil/teams/a09/team1/kondo_et_al_2021/SRR16112784_1.fastq
SRR16112837	/home/mpacomendivil/teams/a09/team1/kondo_et_al_2021/SRR16112837_1.fastq
SRR16112774	/home/mpacomendivil/teams/a09/team1/kondo_et_al_2021/SRR16112774_1.fastq
SRR16112833	/home/mpacomendivil/teams/a09/team1/kondo_et_al_2021/SRR16112833_1.fastq
SRR16112770	/home/mpacomendivil/teams/a09/team1/kondo_et_al_2021/SRR16112770_1.fastq
ERR9763159	/home/mpacomendivil/teams/a09/team1/kondo_et_al_2021/ERR9763159_1.fastq
SRR16112657	/home/mpacomendivil/teams/a09/team1/kondo_et_al_2021/SRR16112657_1.fastq
SRR16112780	/home/mpacomendivil/teams/a09/team1/kondo_et_al_2021/SRR16112780_1.fastq
SRR16112914	/home/mpacomendivil/teams/a09/team1/kondo_et_al_2021/SRR16112914_1.fastq
ERR9763151	/home/mpacomendivil/teams/a09/team1/kondo_et_al_2021/ERR9763151_1.fastq
SRR16112778	/home/mpacomendivil/teams/a09/team1/kondo_et_al_2021/SRR16112778_1.fastq
ERR9763086	/home/mpacomendivil/teams/a09/team1/kondo_et_al_2021/ERR9763086_1.fastq
DRR207827	/home/mpacomendivil/teams/a09/team1/kondo_et_al_2021/DRR207827_1.fastq
SRR16113013	/home/mpacomendivil/teams/a09/team1/kondo_et_al_2021/SRR16113013_1.fastq
SRR16112788	/home/mpacomendivil/teams/a09/team1/kondo_et_al_2021/SRR16112788_1.fastq
SRR16112918	/home/mpacomendivil/teams/a09/team1/kondo_et_al_2021/SRR16112918_1.fastq
ERR9763155	/home/mpacomendivil/teams/a09/team1/kondo_et_al_2021/ERR9763155_1.fastq
SRR16113017	/home/mpacomendivil/teams/a09/team1/kondo_et_al_2021/SRR16113017_1.fastq
DRR207823	/home/mpacomendivil/teams/a09/team1/kondo_et_al_2021/DRR207823_1.fastq
ERR9763082	/home/mpacomendivil/teams/a09/team1/kondo_et_al_2021/ERR9763082_1.fastq
SRR16112674	/home/mpacomendivil/teams/a09/team1/kondo_et_al_2021/SRR16112674_1.fastq
SRR16112937	/home/mpacomendivil/teams/a09/team1/kondo_et_al_2021/SRR16112937_1.fastq
SRR16112810	/home/mpacomendivil/teams/a09/team1/kondo_et_al_2021/SRR16112810_1.fastq
SRR16113038	/home/mpacomendivil/teams/a09/team1/kondo_et_al_2021/SRR16113038_1.fastq
SRR16112684	/home/mpacomendivil/teams/a09/team1/kondo_et_al_2021/SRR16112684_1.fastq
SRR16112753	/home/mpacomendivil/teams/a09/team1/kondo_et_al_2021/SRR16112753_1.fastq
DRR207808	/home/mpacomendivil/teams/a09/team1/kondo_et_al_2021/DRR207808_1.fastq
SRR16112680	/home/mpacomendivil/teams/a09/team1/kondo_et_al_2021/SRR16112680_1.fastq
SRR16112814	/home/mpacomendivil/teams/a09/team1/kondo_et_al_2021/SRR16112814_1.fastq
SRR16112757	/home/mpacomendivil/teams/a09/team1/kondo_et_al_2021/SRR16112757_1.fastq
SRR16112670	/home/mpacomendivil/teams/a09/team1/kondo_et_al_2021/SRR16112670_1.fastq
SRR16112933	/home/mpacomendivil/teams/a09/team1/kondo_et_al_2021/SRR16112933_1.fastq
SRR16112688	/home/mpacomendivil/teams/a09/team1/kondo_et_al_2021/SRR16112688_1.fastq
SRR16113034	/home/mpacomendivil/teams/a09/team1/kondo_et_al_2021/SRR16113034_1.fastq
SRR16113113	/home/mpacomendivil/teams/a09/team1/kondo_et_al_2021/SRR16113113_1.fastq
SRR16112678	/home/mpacomendivil/teams/a09/team1/kondo_et_al_2021/SRR16112678_1.fastq
SRR16113117	/home/mpacomendivil/teams/a09/team1/kondo_et_al_2021/SRR16113117_1.fastq
SRR16113030	/home/mpacomendivil/teams/a09/team1/kondo_et_al_2021/SRR16113030_1.fastq
SRR16112818	/home/mpacomendivil/teams/a09/team1/kondo_et_al_2021/SRR16112818_1.fastq
SRR16112889	/home/mpacomendivil/teams/a09/team1/kondo_et_al_2021/SRR16112889_1.fastq
SRR16112879	/home/mpacomendivil/teams/a09/team1/kondo_et_al_2021/SRR16112879_1.fastq
SRR16113051	/home/mpacomendivil/teams/a09/team1/kondo_et_al_2021/SRR16113051_1.fastq
ERR9763113	/home/mpacomendivil/teams/a09/team1/kondo_et_al_2021/ERR9763113_1.fastq
SRR16113055	/home/mpacomendivil/teams/a09/team1/kondo_et_al_2021/SRR16113055_1.fastq
ERR9763117	/home/mpacomendivil/teams/a09/team1/kondo_et_al_2021/ERR9763117_1.fastq
SRR16112736	/home/mpacomendivil/teams/a09/team1/kondo_et_al_2021/SRR16112736_1.fastq
SRR16112875	/home/mpacomendivil/teams/a09/team1/kondo_et_al_2021/SRR16112875_1.fastq
SRR16112952	/home/mpacomendivil/teams/a09/team1/kondo_et_al_2021/SRR16112952_1.fastq
SRR16112885	/home/mpacomendivil/teams/a09/team1/kondo_et_al_2021/SRR16112885_1.fastq
SRR16112956	/home/mpacomendivil/teams/a09/team1/kondo_et_al_2021/SRR16112956_1.fastq
SRR16112881	/home/mpacomendivil/teams/a09/team1/kondo_et_al_2021/SRR16112881_1.fastq
SRR16112732	/home/mpacomendivil/teams/a09/team1/kondo_et_al_2021/SRR16112732_1.fastq
SRR16113059	/home/mpacomendivil/teams/a09/team1/kondo_et_al_2021/SRR16113059_1.fastq
SRR16112871	/home/mpacomendivil/teams/a09/team1/kondo_et_al_2021/SRR16112871_1.fastq
SRR16113086	/home/mpacomendivil/teams/a09/team1/kondo_et_al_2021/SRR16113086_1.fastq
SRR16112979	/home/mpacomendivil/teams/a09/team1/kondo_et_al_2021/SRR16112979_1.fastq
DRR207842	/home/mpacomendivil/teams/a09/team1/kondo_et_al_2021/DRR207842_1.fastq
SRR16113076	/home/mpacomendivil/teams/a09/team1/kondo_et_al_2021/SRR16113076_1.fastq
SRR16112989	/home/mpacomendivil/teams/a09/team1/kondo_et_al_2021/SRR16112989_1.fastq
ERR9763134	/home/mpacomendivil/teams/a09/team1/kondo_et_al_2021/ERR9763134_1.fastq
SRR16113072	/home/mpacomendivil/teams/a09/team1/kondo_et_al_2021/SRR16113072_1.fastq
DRR207846	/home/mpacomendivil/teams/a09/team1/kondo_et_al_2021/DRR207846_1.fastq
SRR16112719	/home/mpacomendivil/teams/a09/team1/kondo_et_al_2021/SRR16112719_1.fastq
ERR9763130	/home/mpacomendivil/teams/a09/team1/kondo_et_al_2021/ERR9763130_1.fastq
SRR16113082	/home/mpacomendivil/teams/a09/team1/kondo_et_al_2021/SRR16113082_1.fastq
ERR9763138	/home/mpacomendivil/teams/a09/team1/kondo_et_al_2021/ERR9763138_1.fastq
SRR16112985	/home/mpacomendivil/teams/a09/team1/kondo_et_al_2021/SRR16112985_1.fastq
SRR16112711	/home/mpacomendivil/teams/a09/team1/kondo_et_al_2021/SRR16112711_1.fastq
SRR16112852	/home/mpacomendivil/teams/a09/team1/kondo_et_al_2021/SRR16112852_1.fastq
SRR16112975	/home/mpacomendivil/teams/a09/team1/kondo_et_al_2021/SRR16112975_1.fastq
SRR16112636	/home/mpacomendivil/teams/a09/team1/kondo_et_al_2021/SRR16112636_1.fastq
SRR16112971	/home/mpacomendivil/teams/a09/team1/kondo_et_al_2021/SRR16112971_1.fastq
SRR16112632	/home/mpacomendivil/teams/a09/team1/kondo_et_al_2021/SRR16112632_1.fastq
SRR16112715	/home/mpacomendivil/teams/a09/team1/kondo_et_al_2021/SRR16112715_1.fastq
SRR16112981	/home/mpacomendivil/teams/a09/team1/kondo_et_al_2021/SRR16112981_1.fastq
SRR16112856	/home/mpacomendivil/teams/a09/team1/kondo_et_al_2021/SRR16112856_1.fastq
SRR16112992	/home/mpacomendivil/teams/a09/team1/kondo_et_al_2021/SRR16112992_1.fastq
SRR16112706	/home/mpacomendivil/teams/a09/team1/kondo_et_al_2021/SRR16112706_1.fastq
SRR16112845	/home/mpacomendivil/teams/a09/team1/kondo_et_al_2021/SRR16112845_1.fastq
SRR16112962	/home/mpacomendivil/teams/a09/team1/kondo_et_al_2021/SRR16112962_1.fastq
SRR16112966	/home/mpacomendivil/teams/a09/team1/kondo_et_al_2021/SRR16112966_1.fastq
SRR16113099	/home/mpacomendivil/teams/a09/team1/kondo_et_al_2021/SRR16113099_1.fastq
SRR16112702	/home/mpacomendivil/teams/a09/team1/kondo_et_al_2021/SRR16112702_1.fastq
SRR16112996	/home/mpacomendivil/teams/a09/team1/kondo_et_al_2021/SRR16112996_1.fastq
SRR16113069	/home/mpacomendivil/teams/a09/team1/kondo_et_al_2021/SRR16113069_1.fastq
SRR16112841	/home/mpacomendivil/teams/a09/team1/kondo_et_al_2021/SRR16112841_1.fastq
SRR16113091	/home/mpacomendivil/teams/a09/team1/kondo_et_al_2021/SRR16113091_1.fastq
SRR16112849	/home/mpacomendivil/teams/a09/team1/kondo_et_al_2021/SRR16112849_1.fastq
SRR16113061	/home/mpacomendivil/teams/a09/team1/kondo_et_al_2021/SRR16113061_1.fastq
ERR9763123	/home/mpacomendivil/teams/a09/team1/kondo_et_al_2021/ERR9763123_1.fastq
SRR16113065	/home/mpacomendivil/teams/a09/team1/kondo_et_al_2021/SRR16113065_1.fastq
ERR9763127	/home/mpacomendivil/teams/a09/team1/kondo_et_al_2021/ERR9763127_1.fastq
SRR16112629	/home/mpacomendivil/teams/a09/team1/kondo_et_al_2021/SRR16112629_1.fastq
SRR16113095	/home/mpacomendivil/teams/a09/team1/kondo_et_al_2021/SRR16113095_1.fastq
ERR9763108	/home/mpacomendivil/teams/a09/team1/kondo_et_al_2021/ERR9763108_1.fastq
SRR16112721	/home/mpacomendivil/teams/a09/team1/kondo_et_al_2021/SRR16112721_1.fastq
SRR16112862	/home/mpacomendivil/teams/a09/team1/kondo_et_al_2021/SRR16112862_1.fastq
SRR16112945	/home/mpacomendivil/teams/a09/team1/kondo_et_al_2021/SRR16112945_1.fastq
SRR16112892	/home/mpacomendivil/teams/a09/team1/kondo_et_al_2021/SRR16112892_1.fastq
SRR16112941	/home/mpacomendivil/teams/a09/team1/kondo_et_al_2021/SRR16112941_1.fastq
SRR16112896	/home/mpacomendivil/teams/a09/team1/kondo_et_al_2021/SRR16112896_1.fastq
SRR16112725	/home/mpacomendivil/teams/a09/team1/kondo_et_al_2021/SRR16112725_1.fastq
SRR16112866	/home/mpacomendivil/teams/a09/team1/kondo_et_al_2021/SRR16112866_1.fastq
SRR16112949	/home/mpacomendivil/teams/a09/team1/kondo_et_al_2021/SRR16112949_1.fastq
SRR16113046	/home/mpacomendivil/teams/a09/team1/kondo_et_al_2021/SRR16113046_1.fastq
ERR9763104	/home/mpacomendivil/teams/a09/team1/kondo_et_al_2021/ERR9763104_1.fastq
SRR16113042	/home/mpacomendivil/teams/a09/team1/kondo_et_al_2021/SRR16113042_1.fastq
SRR16112729	/home/mpacomendivil/teams/a09/team1/kondo_et_al_2021/SRR16112729_1.fastq
ERR9763100	/home/mpacomendivil/teams/a09/team1/kondo_et_al_2021/ERR9763100_1.fastq
ERR9763161	/home/mpacomendivil/teams/a09/team1/kondo_et_al_2021/ERR9763161_1.fastq
SRR16112748	/home/mpacomendivil/teams/a09/team1/kondo_et_al_2021/SRR16112748_1.fastq
SRR16113023	/home/mpacomendivil/teams/a09/team1/kondo_et_al_2021/SRR16113023_1.fastq
DRR207817	/home/mpacomendivil/teams/a09/team1/kondo_et_al_2021/DRR207817_1.fastq
SRR16113104	/home/mpacomendivil/teams/a09/team1/kondo_et_al_2021/SRR16113104_1.fastq
SRR16113100	/home/mpacomendivil/teams/a09/team1/kondo_et_al_2021/SRR16113100_1.fastq
SRR16112928	/home/mpacomendivil/teams/a09/team1/kondo_et_al_2021/SRR16112928_1.fastq
ERR9763165	/home/mpacomendivil/teams/a09/team1/kondo_et_al_2021/ERR9763165_1.fastq
DRR207813	/home/mpacomendivil/teams/a09/team1/kondo_et_al_2021/DRR207813_1.fastq
SRR16113027	/home/mpacomendivil/teams/a09/team1/kondo_et_al_2021/SRR16113027_1.fastq
SRR16112663	/home/mpacomendivil/teams/a09/team1/kondo_et_al_2021/SRR16112663_1.fastq
SRR16112920	/home/mpacomendivil/teams/a09/team1/kondo_et_al_2021/SRR16112920_1.fastq
SRR16113108	/home/mpacomendivil/teams/a09/team1/kondo_et_al_2021/SRR16113108_1.fastq
SRR16112807	/home/mpacomendivil/teams/a09/team1/kondo_et_al_2021/SRR16112807_1.fastq
SRR16112693	/home/mpacomendivil/teams/a09/team1/kondo_et_al_2021/SRR16112693_1.fastq
SRR16112744	/home/mpacomendivil/teams/a09/team1/kondo_et_al_2021/SRR16112744_1.fastq
SRR16112697	/home/mpacomendivil/teams/a09/team1/kondo_et_al_2021/SRR16112697_1.fastq
SRR16112803	/home/mpacomendivil/teams/a09/team1/kondo_et_al_2021/SRR16112803_1.fastq
SRR16112740	/home/mpacomendivil/teams/a09/team1/kondo_et_al_2021/SRR16112740_1.fastq
ERR9763169	/home/mpacomendivil/teams/a09/team1/kondo_et_al_2021/ERR9763169_1.fastq
SRR16112667	/home/mpacomendivil/teams/a09/team1/kondo_et_al_2021/SRR16112667_1.fastq
SRR16112924	/home/mpacomendivil/teams/a09/team1/kondo_et_al_2021/SRR16112924_1.fastq
ERR9763146	/home/mpacomendivil/teams/a09/team1/kondo_et_al_2021/ERR9763146_1.fastq
ERR9763091	/home/mpacomendivil/teams/a09/team1/kondo_et_al_2021/ERR9763091_1.fastq
SRR16113004	/home/mpacomendivil/teams/a09/team1/kondo_et_al_2021/SRR16113004_1.fastq
DRR207830	/home/mpacomendivil/teams/a09/team1/kondo_et_al_2021/DRR207830_1.fastq
SRR16112648	/home/mpacomendivil/teams/a09/team1/kondo_et_al_2021/SRR16112648_1.fastq
ERR9763142	/home/mpacomendivil/teams/a09/team1/kondo_et_al_2021/ERR9763142_1.fastq
DRR207834	/home/mpacomendivil/teams/a09/team1/kondo_et_al_2021/DRR207834_1.fastq
SRR16113000	/home/mpacomendivil/teams/a09/team1/kondo_et_al_2021/SRR16113000_1.fastq
SRR16112828	/home/mpacomendivil/teams/a09/team1/kondo_et_al_2021/SRR16112828_1.fastq
ERR9763095	/home/mpacomendivil/teams/a09/team1/kondo_et_al_2021/ERR9763095_1.fastq
SRR16112644	/home/mpacomendivil/teams/a09/team1/kondo_et_al_2021/SRR16112644_1.fastq
SRR16112907	/home/mpacomendivil/teams/a09/team1/kondo_et_al_2021/SRR16112907_1.fastq
SRR16112793	/home/mpacomendivil/teams/a09/team1/kondo_et_al_2021/SRR16112793_1.fastq
SRR16112820	/home/mpacomendivil/teams/a09/team1/kondo_et_al_2021/SRR16112820_1.fastq
SRR16113008	/home/mpacomendivil/teams/a09/team1/kondo_et_al_2021/SRR16113008_1.fastq
SRR16112763	/home/mpacomendivil/teams/a09/team1/kondo_et_al_2021/SRR16112763_1.fastq
DRR207838	/home/mpacomendivil/teams/a09/team1/kondo_et_al_2021/DRR207838_1.fastq
ERR9763099	/home/mpacomendivil/teams/a09/team1/kondo_et_al_2021/ERR9763099_1.fastq
SRR16112824	/home/mpacomendivil/teams/a09/team1/kondo_et_al_2021/SRR16112824_1.fastq
SRR16112767	/home/mpacomendivil/teams/a09/team1/kondo_et_al_2021/SRR16112767_1.fastq
SRR16112640	/home/mpacomendivil/teams/a09/team1/kondo_et_al_2021/SRR16112640_1.fastq
SRR16112797	/home/mpacomendivil/teams/a09/team1/kondo_et_al_2021/SRR16112797_1.fastq
SRR16112903	/home/mpacomendivil/teams/a09/team1/kondo_et_al_2021/SRR16112903_1.fastq
SRR16112935	/home/mpacomendivil/teams/a09/team1/kondo_et_al_2021/SRR16112935_1.fastq
SRR16112676	/home/mpacomendivil/teams/a09/team1/kondo_et_al_2021/SRR16112676_1.fastq
SRR16112751	/home/mpacomendivil/teams/a09/team1/kondo_et_al_2021/SRR16112751_1.fastq
SRR16112686	/home/mpacomendivil/teams/a09/team1/kondo_et_al_2021/SRR16112686_1.fastq
SRR16112812	/home/mpacomendivil/teams/a09/team1/kondo_et_al_2021/SRR16112812_1.fastq
SRR16112755	/home/mpacomendivil/teams/a09/team1/kondo_et_al_2021/SRR16112755_1.fastq
SRR16112816	/home/mpacomendivil/teams/a09/team1/kondo_et_al_2021/SRR16112816_1.fastq
SRR16112682	/home/mpacomendivil/teams/a09/team1/kondo_et_al_2021/SRR16112682_1.fastq
SRR16112931	/home/mpacomendivil/teams/a09/team1/kondo_et_al_2021/SRR16112931_1.fastq
SRR16113119	/home/mpacomendivil/teams/a09/team1/kondo_et_al_2021/SRR16113119_1.fastq
SRR16112672	/home/mpacomendivil/teams/a09/team1/kondo_et_al_2021/SRR16112672_1.fastq
SRR16113036	/home/mpacomendivil/teams/a09/team1/kondo_et_al_2021/SRR16113036_1.fastq
SRR16113111	/home/mpacomendivil/teams/a09/team1/kondo_et_al_2021/SRR16113111_1.fastq
SRR16112939	/home/mpacomendivil/teams/a09/team1/kondo_et_al_2021/SRR16112939_1.fastq
SRR16113115	/home/mpacomendivil/teams/a09/team1/kondo_et_al_2021/SRR16113115_1.fastq
SRR16113032	/home/mpacomendivil/teams/a09/team1/kondo_et_al_2021/SRR16113032_1.fastq
DRR207806	/home/mpacomendivil/teams/a09/team1/kondo_et_al_2021/DRR207806_1.fastq
ERR9763170	/home/mpacomendivil/teams/a09/team1/kondo_et_al_2021/ERR9763170_1.fastq
SRR16112759	/home/mpacomendivil/teams/a09/team1/kondo_et_al_2021/SRR16112759_1.fastq
SRR16112786	/home/mpacomendivil/teams/a09/team1/kondo_et_al_2021/SRR16112786_1.fastq
SRR16112912	/home/mpacomendivil/teams/a09/team1/kondo_et_al_2021/SRR16112912_1.fastq
SRR16112651	/home/mpacomendivil/teams/a09/team1/kondo_et_al_2021/SRR16112651_1.fastq
ERR9763078	/home/mpacomendivil/teams/a09/team1/kondo_et_al_2021/ERR9763078_1.fastq
SRR16112776	/home/mpacomendivil/teams/a09/team1/kondo_et_al_2021/SRR16112776_1.fastq
DRR207829	/home/mpacomendivil/teams/a09/team1/kondo_et_al_2021/DRR207829_1.fastq
ERR9763088	/home/mpacomendivil/teams/a09/team1/kondo_et_al_2021/ERR9763088_1.fastq
SRR16112835	/home/mpacomendivil/teams/a09/team1/kondo_et_al_2021/SRR16112835_1.fastq
SRR16112772	/home/mpacomendivil/teams/a09/team1/kondo_et_al_2021/SRR16112772_1.fastq
SRR16113019	/home/mpacomendivil/teams/a09/team1/kondo_et_al_2021/SRR16113019_1.fastq
SRR16112916	/home/mpacomendivil/teams/a09/team1/kondo_et_al_2021/SRR16112916_1.fastq
SRR16112782	/home/mpacomendivil/teams/a09/team1/kondo_et_al_2021/SRR16112782_1.fastq
SRR16112655	/home/mpacomendivil/teams/a09/team1/kondo_et_al_2021/SRR16112655_1.fastq
DRR207825	/home/mpacomendivil/teams/a09/team1/kondo_et_al_2021/DRR207825_1.fastq
SRR16113011	/home/mpacomendivil/teams/a09/team1/kondo_et_al_2021/SRR16113011_1.fastq
SRR16112839	/home/mpacomendivil/teams/a09/team1/kondo_et_al_2021/SRR16112839_1.fastq
ERR9763084	/home/mpacomendivil/teams/a09/team1/kondo_et_al_2021/ERR9763084_1.fastq
ERR9763153	/home/mpacomendivil/teams/a09/team1/kondo_et_al_2021/ERR9763153_1.fastq
SRR16112659	/home/mpacomendivil/teams/a09/team1/kondo_et_al_2021/SRR16112659_1.fastq
ERR9763080	/home/mpacomendivil/teams/a09/team1/kondo_et_al_2021/ERR9763080_1.fastq
SRR16113015	/home/mpacomendivil/teams/a09/team1/kondo_et_al_2021/SRR16113015_1.fastq
DRR207821	/home/mpacomendivil/teams/a09/team1/kondo_et_al_2021/DRR207821_1.fastq
ERR9763157	/home/mpacomendivil/teams/a09/team1/kondo_et_al_2021/ERR9763157_1.fastq
SRR16113084	/home/mpacomendivil/teams/a09/team1/kondo_et_al_2021/SRR16113084_1.fastq
SRR16112638	/home/mpacomendivil/teams/a09/team1/kondo_et_al_2021/SRR16112638_1.fastq
ERR9763136	/home/mpacomendivil/teams/a09/team1/kondo_et_al_2021/ERR9763136_1.fastq
DRR207840	/home/mpacomendivil/teams/a09/team1/kondo_et_al_2021/DRR207840_1.fastq
SRR16113074	/home/mpacomendivil/teams/a09/team1/kondo_et_al_2021/SRR16113074_1.fastq
ERR9763132	/home/mpacomendivil/teams/a09/team1/kondo_et_al_2021/ERR9763132_1.fastq
SRR16112858	/home/mpacomendivil/teams/a09/team1/kondo_et_al_2021/SRR16112858_1.fastq
SRR16113070	/home/mpacomendivil/teams/a09/team1/kondo_et_al_2021/SRR16113070_1.fastq
DRR207844	/home/mpacomendivil/teams/a09/team1/kondo_et_al_2021/DRR207844_1.fastq
SRR16113080	/home/mpacomendivil/teams/a09/team1/kondo_et_al_2021/SRR16113080_1.fastq
SRR16113078	/home/mpacomendivil/teams/a09/team1/kondo_et_al_2021/SRR16113078_1.fastq
SRR16112850	/home/mpacomendivil/teams/a09/team1/kondo_et_al_2021/SRR16112850_1.fastq
SRR16112713	/home/mpacomendivil/teams/a09/team1/kondo_et_al_2021/SRR16112713_1.fastq
SRR16112987	/home/mpacomendivil/teams/a09/team1/kondo_et_al_2021/SRR16112987_1.fastq
SRR16112634	/home/mpacomendivil/teams/a09/team1/kondo_et_al_2021/SRR16112634_1.fastq
SRR16113088	/home/mpacomendivil/teams/a09/team1/kondo_et_al_2021/SRR16113088_1.fastq
SRR16112977	/home/mpacomendivil/teams/a09/team1/kondo_et_al_2021/SRR16112977_1.fastq
SRR16112630	/home/mpacomendivil/teams/a09/team1/kondo_et_al_2021/SRR16112630_1.fastq
SRR16112973	/home/mpacomendivil/teams/a09/team1/kondo_et_al_2021/SRR16112973_1.fastq
SRR16112854	/home/mpacomendivil/teams/a09/team1/kondo_et_al_2021/SRR16112854_1.fastq
DRR207848	/home/mpacomendivil/teams/a09/team1/kondo_et_al_2021/DRR207848_1.fastq
SRR16112983	/home/mpacomendivil/teams/a09/team1/kondo_et_al_2021/SRR16112983_1.fastq
SRR16112717	/home/mpacomendivil/teams/a09/team1/kondo_et_al_2021/SRR16112717_1.fastq
SRR16112738	/home/mpacomendivil/teams/a09/team1/kondo_et_al_2021/SRR16112738_1.fastq
ERR9763111	/home/mpacomendivil/teams/a09/team1/kondo_et_al_2021/ERR9763111_1.fastq
SRR16113053	/home/mpacomendivil/teams/a09/team1/kondo_et_al_2021/SRR16113053_1.fastq
ERR9763115	/home/mpacomendivil/teams/a09/team1/kondo_et_al_2021/ERR9763115_1.fastq
SRR16113057	/home/mpacomendivil/teams/a09/team1/kondo_et_al_2021/SRR16113057_1.fastq
SRR16112958	/home/mpacomendivil/teams/a09/team1/kondo_et_al_2021/SRR16112958_1.fastq
SRR16112877	/home/mpacomendivil/teams/a09/team1/kondo_et_al_2021/SRR16112877_1.fastq
SRR16112734	/home/mpacomendivil/teams/a09/team1/kondo_et_al_2021/SRR16112734_1.fastq
SRR16112887	/home/mpacomendivil/teams/a09/team1/kondo_et_al_2021/SRR16112887_1.fastq
SRR16112950	/home/mpacomendivil/teams/a09/team1/kondo_et_al_2021/SRR16112950_1.fastq
SRR16112883	/home/mpacomendivil/teams/a09/team1/kondo_et_al_2021/SRR16112883_1.fastq
SRR16112954	/home/mpacomendivil/teams/a09/team1/kondo_et_al_2021/SRR16112954_1.fastq
SRR16112873	/home/mpacomendivil/teams/a09/team1/kondo_et_al_2021/SRR16112873_1.fastq
ERR9763119	/home/mpacomendivil/teams/a09/team1/kondo_et_al_2021/ERR9763119_1.fastq
SRR16112730	/home/mpacomendivil/teams/a09/team1/kondo_et_al_2021/SRR16112730_1.fastq
SRR16113037	/home/mpacomendivil/teams/a09/team1/kondo_et_al_2021/SRR16113037_1.fastq
SRR16112938	/home/mpacomendivil/teams/a09/team1/kondo_et_al_2021/SRR16112938_1.fastq
SRR16113110	/home/mpacomendivil/teams/a09/team1/kondo_et_al_2021/SRR16113110_1.fastq
SRR16113114	/home/mpacomendivil/teams/a09/team1/kondo_et_al_2021/SRR16113114_1.fastq
DRR207807	/home/mpacomendivil/teams/a09/team1/kondo_et_al_2021/DRR207807_1.fastq
SRR16113033	/home/mpacomendivil/teams/a09/team1/kondo_et_al_2021/SRR16113033_1.fastq
SRR16112758	/home/mpacomendivil/teams/a09/team1/kondo_et_al_2021/SRR16112758_1.fastq
SRR16112934	/home/mpacomendivil/teams/a09/team1/kondo_et_al_2021/SRR16112934_1.fastq
SRR16112677	/home/mpacomendivil/teams/a09/team1/kondo_et_al_2021/SRR16112677_1.fastq
SRR16112750	/home/mpacomendivil/teams/a09/team1/kondo_et_al_2021/SRR16112750_1.fastq
SRR16112813	/home/mpacomendivil/teams/a09/team1/kondo_et_al_2021/SRR16112813_1.fastq
SRR16112687	/home/mpacomendivil/teams/a09/team1/kondo_et_al_2021/SRR16112687_1.fastq
SRR16112754	/home/mpacomendivil/teams/a09/team1/kondo_et_al_2021/SRR16112754_1.fastq
SRR16112683	/home/mpacomendivil/teams/a09/team1/kondo_et_al_2021/SRR16112683_1.fastq
SRR16112817	/home/mpacomendivil/teams/a09/team1/kondo_et_al_2021/SRR16112817_1.fastq
SRR16113118	/home/mpacomendivil/teams/a09/team1/kondo_et_al_2021/SRR16113118_1.fastq
SRR16112930	/home/mpacomendivil/teams/a09/team1/kondo_et_al_2021/SRR16112930_1.fastq
SRR16112673	/home/mpacomendivil/teams/a09/team1/kondo_et_al_2021/SRR16112673_1.fastq
ERR9763085	/home/mpacomendivil/teams/a09/team1/kondo_et_al_2021/ERR9763085_1.fastq
SRR16112838	/home/mpacomendivil/teams/a09/team1/kondo_et_al_2021/SRR16112838_1.fastq
SRR16113010	/home/mpacomendivil/teams/a09/team1/kondo_et_al_2021/SRR16113010_1.fastq
DRR207824	/home/mpacomendivil/teams/a09/team1/kondo_et_al_2021/DRR207824_1.fastq
ERR9763152	/home/mpacomendivil/teams/a09/team1/kondo_et_al_2021/ERR9763152_1.fastq
SRR16112658	/home/mpacomendivil/teams/a09/team1/kondo_et_al_2021/SRR16112658_1.fastq
DRR207820	/home/mpacomendivil/teams/a09/team1/kondo_et_al_2021/DRR207820_1.fastq
SRR16113014	/home/mpacomendivil/teams/a09/team1/kondo_et_al_2021/SRR16113014_1.fastq
ERR9763081	/home/mpacomendivil/teams/a09/team1/kondo_et_al_2021/ERR9763081_1.fastq
ERR9763156	/home/mpacomendivil/teams/a09/team1/kondo_et_al_2021/ERR9763156_1.fastq
SRR16112913	/home/mpacomendivil/teams/a09/team1/kondo_et_al_2021/SRR16112913_1.fastq
SRR16112787	/home/mpacomendivil/teams/a09/team1/kondo_et_al_2021/SRR16112787_1.fastq
ERR9763079	/home/mpacomendivil/teams/a09/team1/kondo_et_al_2021/ERR9763079_1.fastq
SRR16112650	/home/mpacomendivil/teams/a09/team1/kondo_et_al_2021/SRR16112650_1.fastq
SRR16112777	/home/mpacomendivil/teams/a09/team1/kondo_et_al_2021/SRR16112777_1.fastq
SRR16112834	/home/mpacomendivil/teams/a09/team1/kondo_et_al_2021/SRR16112834_1.fastq
ERR9763089	/home/mpacomendivil/teams/a09/team1/kondo_et_al_2021/ERR9763089_1.fastq
DRR207828	/home/mpacomendivil/teams/a09/team1/kondo_et_al_2021/DRR207828_1.fastq
SRR16112773	/home/mpacomendivil/teams/a09/team1/kondo_et_al_2021/SRR16112773_1.fastq
SRR16113018	/home/mpacomendivil/teams/a09/team1/kondo_et_al_2021/SRR16113018_1.fastq
SRR16112830	/home/mpacomendivil/teams/a09/team1/kondo_et_al_2021/SRR16112830_1.fastq
SRR16112783	/home/mpacomendivil/teams/a09/team1/kondo_et_al_2021/SRR16112783_1.fastq
SRR16112917	/home/mpacomendivil/teams/a09/team1/kondo_et_al_2021/SRR16112917_1.fastq
SRR16112654	/home/mpacomendivil/teams/a09/team1/kondo_et_al_2021/SRR16112654_1.fastq
SRR16112851	/home/mpacomendivil/teams/a09/team1/kondo_et_al_2021/SRR16112851_1.fastq
SRR16113079	/home/mpacomendivil/teams/a09/team1/kondo_et_al_2021/SRR16113079_1.fastq
SRR16112986	/home/mpacomendivil/teams/a09/team1/kondo_et_al_2021/SRR16112986_1.fastq
SRR16112712	/home/mpacomendivil/teams/a09/team1/kondo_et_al_2021/SRR16112712_1.fastq
SRR16113089	/home/mpacomendivil/teams/a09/team1/kondo_et_al_2021/SRR16113089_1.fastq
SRR16112635	/home/mpacomendivil/teams/a09/team1/kondo_et_al_2021/SRR16112635_1.fastq
SRR16112976	/home/mpacomendivil/teams/a09/team1/kondo_et_al_2021/SRR16112976_1.fastq
SRR16112631	/home/mpacomendivil/teams/a09/team1/kondo_et_al_2021/SRR16112631_1.fastq
SRR16112972	/home/mpacomendivil/teams/a09/team1/kondo_et_al_2021/SRR16112972_1.fastq
DRR207849	/home/mpacomendivil/teams/a09/team1/kondo_et_al_2021/DRR207849_1.fastq
SRR16112855	/home/mpacomendivil/teams/a09/team1/kondo_et_al_2021/SRR16112855_1.fastq
SRR16112716	/home/mpacomendivil/teams/a09/team1/kondo_et_al_2021/SRR16112716_1.fastq
SRR16112982	/home/mpacomendivil/teams/a09/team1/kondo_et_al_2021/SRR16112982_1.fastq
SRR16112639	/home/mpacomendivil/teams/a09/team1/kondo_et_al_2021/SRR16112639_1.fastq
SRR16113085	/home/mpacomendivil/teams/a09/team1/kondo_et_al_2021/SRR16113085_1.fastq
ERR9763137	/home/mpacomendivil/teams/a09/team1/kondo_et_al_2021/ERR9763137_1.fastq
SRR16113075	/home/mpacomendivil/teams/a09/team1/kondo_et_al_2021/SRR16113075_1.fastq
DRR207841	/home/mpacomendivil/teams/a09/team1/kondo_et_al_2021/DRR207841_1.fastq
ERR9763133	/home/mpacomendivil/teams/a09/team1/kondo_et_al_2021/ERR9763133_1.fastq
DRR207845	/home/mpacomendivil/teams/a09/team1/kondo_et_al_2021/DRR207845_1.fastq
SRR16113071	/home/mpacomendivil/teams/a09/team1/kondo_et_al_2021/SRR16113071_1.fastq
SRR16112859	/home/mpacomendivil/teams/a09/team1/kondo_et_al_2021/SRR16112859_1.fastq
SRR16113081	/home/mpacomendivil/teams/a09/team1/kondo_et_al_2021/SRR16113081_1.fastq
SRR16112876	/home/mpacomendivil/teams/a09/team1/kondo_et_al_2021/SRR16112876_1.fastq
SRR16112735	/home/mpacomendivil/teams/a09/team1/kondo_et_al_2021/SRR16112735_1.fastq
SRR16112886	/home/mpacomendivil/teams/a09/team1/kondo_et_al_2021/SRR16112886_1.fastq
SRR16112951	/home/mpacomendivil/teams/a09/team1/kondo_et_al_2021/SRR16112951_1.fastq
SRR16112882	/home/mpacomendivil/teams/a09/team1/kondo_et_al_2021/SRR16112882_1.fastq
SRR16112955	/home/mpacomendivil/teams/a09/team1/kondo_et_al_2021/SRR16112955_1.fastq
SRR16112872	/home/mpacomendivil/teams/a09/team1/kondo_et_al_2021/SRR16112872_1.fastq
SRR16112731	/home/mpacomendivil/teams/a09/team1/kondo_et_al_2021/SRR16112731_1.fastq
ERR9763118	/home/mpacomendivil/teams/a09/team1/kondo_et_al_2021/ERR9763118_1.fastq
ERR9763110	/home/mpacomendivil/teams/a09/team1/kondo_et_al_2021/ERR9763110_1.fastq
SRR16112739	/home/mpacomendivil/teams/a09/team1/kondo_et_al_2021/SRR16112739_1.fastq
SRR16113052	/home/mpacomendivil/teams/a09/team1/kondo_et_al_2021/SRR16113052_1.fastq
ERR9763114	/home/mpacomendivil/teams/a09/team1/kondo_et_al_2021/ERR9763114_1.fastq
SRR16113056	/home/mpacomendivil/teams/a09/team1/kondo_et_al_2021/SRR16113056_1.fastq
SRR16112959	/home/mpacomendivil/teams/a09/team1/kondo_et_al_2021/SRR16112959_1.fastq
SRR16113090	/home/mpacomendivil/teams/a09/team1/kondo_et_al_2021/SRR16113090_1.fastq
SRR16113060	/home/mpacomendivil/teams/a09/team1/kondo_et_al_2021/SRR16113060_1.fastq
SRR16112848	/home/mpacomendivil/teams/a09/team1/kondo_et_al_2021/SRR16112848_1.fastq
ERR9763122	/home/mpacomendivil/teams/a09/team1/kondo_et_al_2021/ERR9763122_1.fastq
SRR16113064	/home/mpacomendivil/teams/a09/team1/kondo_et_al_2021/SRR16113064_1.fastq
DRR207850	/home/mpacomendivil/teams/a09/team1/kondo_et_al_2021/DRR207850_1.fastq
ERR9763126	/home/mpacomendivil/teams/a09/team1/kondo_et_al_2021/ERR9763126_1.fastq
SRR16113094	/home/mpacomendivil/teams/a09/team1/kondo_et_al_2021/SRR16113094_1.fastq
SRR16112628	/home/mpacomendivil/teams/a09/team1/kondo_et_al_2021/SRR16112628_1.fastq
SRR16112707	/home/mpacomendivil/teams/a09/team1/kondo_et_al_2021/SRR16112707_1.fastq
SRR16112993	/home/mpacomendivil/teams/a09/team1/kondo_et_al_2021/SRR16112993_1.fastq
SRR16112844	/home/mpacomendivil/teams/a09/team1/kondo_et_al_2021/SRR16112844_1.fastq
SRR16112963	/home/mpacomendivil/teams/a09/team1/kondo_et_al_2021/SRR16112963_1.fastq
SRR16112967	/home/mpacomendivil/teams/a09/team1/kondo_et_al_2021/SRR16112967_1.fastq
SRR16113098	/home/mpacomendivil/teams/a09/team1/kondo_et_al_2021/SRR16113098_1.fastq
SRR16112997	/home/mpacomendivil/teams/a09/team1/kondo_et_al_2021/SRR16112997_1.fastq
SRR16112703	/home/mpacomendivil/teams/a09/team1/kondo_et_al_2021/SRR16112703_1.fastq
SRR16112840	/home/mpacomendivil/teams/a09/team1/kondo_et_al_2021/SRR16112840_1.fastq
SRR16113068	/home/mpacomendivil/teams/a09/team1/kondo_et_al_2021/SRR16113068_1.fastq
SRR16112948	/home/mpacomendivil/teams/a09/team1/kondo_et_al_2021/SRR16112948_1.fastq
SRR16113047	/home/mpacomendivil/teams/a09/team1/kondo_et_al_2021/SRR16113047_1.fastq
SRR16113043	/home/mpacomendivil/teams/a09/team1/kondo_et_al_2021/SRR16113043_1.fastq
DRR207877	/home/mpacomendivil/teams/a09/team1/kondo_et_al_2021/DRR207877_1.fastq
ERR9763101	/home/mpacomendivil/teams/a09/team1/kondo_et_al_2021/ERR9763101_1.fastq
SRR16112728	/home/mpacomendivil/teams/a09/team1/kondo_et_al_2021/SRR16112728_1.fastq
SRR16112720	/home/mpacomendivil/teams/a09/team1/kondo_et_al_2021/SRR16112720_1.fastq
ERR9763109	/home/mpacomendivil/teams/a09/team1/kondo_et_al_2021/ERR9763109_1.fastq
SRR16112863	/home/mpacomendivil/teams/a09/team1/kondo_et_al_2021/SRR16112863_1.fastq
SRR16112944	/home/mpacomendivil/teams/a09/team1/kondo_et_al_2021/SRR16112944_1.fastq
SRR16112893	/home/mpacomendivil/teams/a09/team1/kondo_et_al_2021/SRR16112893_1.fastq
SRR16112940	/home/mpacomendivil/teams/a09/team1/kondo_et_al_2021/SRR16112940_1.fastq
SRR16112897	/home/mpacomendivil/teams/a09/team1/kondo_et_al_2021/SRR16112897_1.fastq
SRR16112724	/home/mpacomendivil/teams/a09/team1/kondo_et_al_2021/SRR16112724_1.fastq
SRR16112867	/home/mpacomendivil/teams/a09/team1/kondo_et_al_2021/SRR16112867_1.fastq
SRR16112662	/home/mpacomendivil/teams/a09/team1/kondo_et_al_2021/SRR16112662_1.fastq
SRR16113109	/home/mpacomendivil/teams/a09/team1/kondo_et_al_2021/SRR16113109_1.fastq
SRR16112921	/home/mpacomendivil/teams/a09/team1/kondo_et_al_2021/SRR16112921_1.fastq
SRR16112692	/home/mpacomendivil/teams/a09/team1/kondo_et_al_2021/SRR16112692_1.fastq
SRR16112806	/home/mpacomendivil/teams/a09/team1/kondo_et_al_2021/SRR16112806_1.fastq
SRR16112745	/home/mpacomendivil/teams/a09/team1/kondo_et_al_2021/SRR16112745_1.fastq
SRR16112802	/home/mpacomendivil/teams/a09/team1/kondo_et_al_2021/SRR16112802_1.fastq
SRR16112696	/home/mpacomendivil/teams/a09/team1/kondo_et_al_2021/SRR16112696_1.fastq
ERR9763168	/home/mpacomendivil/teams/a09/team1/kondo_et_al_2021/ERR9763168_1.fastq
SRR16112741	/home/mpacomendivil/teams/a09/team1/kondo_et_al_2021/SRR16112741_1.fastq
SRR16112666	/home/mpacomendivil/teams/a09/team1/kondo_et_al_2021/SRR16112666_1.fastq
SRR16112925	/home/mpacomendivil/teams/a09/team1/kondo_et_al_2021/SRR16112925_1.fastq
SRR16112749	/home/mpacomendivil/teams/a09/team1/kondo_et_al_2021/SRR16112749_1.fastq
ERR9763160	/home/mpacomendivil/teams/a09/team1/kondo_et_al_2021/ERR9763160_1.fastq
DRR207816	/home/mpacomendivil/teams/a09/team1/kondo_et_al_2021/DRR207816_1.fastq
SRR16113022	/home/mpacomendivil/teams/a09/team1/kondo_et_al_2021/SRR16113022_1.fastq
SRR16113105	/home/mpacomendivil/teams/a09/team1/kondo_et_al_2021/SRR16113105_1.fastq
SRR16112929	/home/mpacomendivil/teams/a09/team1/kondo_et_al_2021/SRR16112929_1.fastq
SRR16113101	/home/mpacomendivil/teams/a09/team1/kondo_et_al_2021/SRR16113101_1.fastq
ERR9763164	/home/mpacomendivil/teams/a09/team1/kondo_et_al_2021/ERR9763164_1.fastq
SRR16113026	/home/mpacomendivil/teams/a09/team1/kondo_et_al_2021/SRR16113026_1.fastq
DRR207812	/home/mpacomendivil/teams/a09/team1/kondo_et_al_2021/DRR207812_1.fastq
SRR16112645	/home/mpacomendivil/teams/a09/team1/kondo_et_al_2021/SRR16112645_1.fastq
SRR16112792	/home/mpacomendivil/teams/a09/team1/kondo_et_al_2021/SRR16112792_1.fastq
SRR16112906	/home/mpacomendivil/teams/a09/team1/kondo_et_al_2021/SRR16112906_1.fastq
SRR16113009	/home/mpacomendivil/teams/a09/team1/kondo_et_al_2021/SRR16113009_1.fastq
SRR16112821	/home/mpacomendivil/teams/a09/team1/kondo_et_al_2021/SRR16112821_1.fastq
SRR16112762	/home/mpacomendivil/teams/a09/team1/kondo_et_al_2021/SRR16112762_1.fastq
SRR16112825	/home/mpacomendivil/teams/a09/team1/kondo_et_al_2021/SRR16112825_1.fastq
ERR9763098	/home/mpacomendivil/teams/a09/team1/kondo_et_al_2021/ERR9763098_1.fastq
DRR207839	/home/mpacomendivil/teams/a09/team1/kondo_et_al_2021/DRR207839_1.fastq
SRR16112766	/home/mpacomendivil/teams/a09/team1/kondo_et_al_2021/SRR16112766_1.fastq
SRR16112641	/home/mpacomendivil/teams/a09/team1/kondo_et_al_2021/SRR16112641_1.fastq
SRR16112902	/home/mpacomendivil/teams/a09/team1/kondo_et_al_2021/SRR16112902_1.fastq
SRR16112796	/home/mpacomendivil/teams/a09/team1/kondo_et_al_2021/SRR16112796_1.fastq
ERR9763147	/home/mpacomendivil/teams/a09/team1/kondo_et_al_2021/ERR9763147_1.fastq
DRR207831	/home/mpacomendivil/teams/a09/team1/kondo_et_al_2021/DRR207831_1.fastq
SRR16113005	/home/mpacomendivil/teams/a09/team1/kondo_et_al_2021/SRR16113005_1.fastq
ERR9763090	/home/mpacomendivil/teams/a09/team1/kondo_et_al_2021/ERR9763090_1.fastq
SRR16113122	/home/mpacomendivil/teams/a09/team1/kondo_et_al_2021/SRR16113122_1.fastq
SRR16112649	/home/mpacomendivil/teams/a09/team1/kondo_et_al_2021/SRR16112649_1.fastq
ERR9763143	/home/mpacomendivil/teams/a09/team1/kondo_et_al_2021/ERR9763143_1.fastq
ERR9763094	/home/mpacomendivil/teams/a09/team1/kondo_et_al_2021/ERR9763094_1.fastq
SRR16112829	/home/mpacomendivil/teams/a09/team1/kondo_et_al_2021/SRR16112829_1.fastq
SRR16113001	/home/mpacomendivil/teams/a09/team1/kondo_et_al_2021/SRR16113001_1.fastq
DRR207835	/home/mpacomendivil/teams/a09/team1/kondo_et_al_2021/DRR207835_1.fastq
